{"cameraMode":{"drawMode":0,"name":"Shaded","section":"Shading Mode"},"sceneLighting":true,"audioPlay":false,"sceneViewState":{"showFog":true,"showMaterialUpdate":false,"showSkybox":true,"showFlares":true,"showImageEffects":true,"showParticleSystems":true},"in2DMode":false,"pivot":{"x":3.711948871612549,"y":6.133613586425781,"z":1.851287841796875},"rotation":{"x":-0.43394550681114199,"y":-0.06961805373430252,"z":0.033656105399131778,"w":-0.8976240158081055},"size":67.61646270751953,"orthographic":false}