{"cameraMode":{"drawMode":0,"name":"Shaded","section":"Shading Mode"},"sceneLighting":true,"audioPlay":false,"sceneViewState":{"showFog":true,"showMaterialUpdate":false,"showSkybox":true,"showFlares":true,"showImageEffects":true,"showParticleSystems":true},"in2DMode":false,"pivot":{"x":-7.865035533905029,"y":0.8368339538574219,"z":21.775371551513673},"rotation":{"x":-0.5611687898635864,"y":0.005459836684167385,"z":-0.003702573711052537,"w":-0.8276792168617249},"size":32.86843490600586,"orthographic":false}