{"cameraMode":{"drawMode":0,"name":"Shaded","section":"Shading Mode"},"sceneLighting":false,"audioPlay":false,"sceneViewState":{"showFog":true,"showMaterialUpdate":false,"showSkybox":false,"showFlares":true,"showImageEffects":true,"showParticleSystems":true},"in2DMode":false,"pivot":{"x":-15.02065658569336,"y":2.10630464553833,"z":-18.879192352294923},"rotation":{"x":-0.24382364749908448,"y":0.004942983854562044,"z":-0.0012427658075466753,"w":-0.9698067307472229},"size":43.75685119628906,"orthographic":false}