{"cameraMode":{"drawMode":0,"name":"Shaded","section":"Shading Mode"},"sceneLighting":false,"audioPlay":false,"sceneViewState":{"showFog":true,"showMaterialUpdate":false,"showSkybox":false,"showFlares":true,"showImageEffects":true,"showParticleSystems":true},"in2DMode":false,"pivot":{"x":350.7315368652344,"y":194.9821319580078,"z":6.503082275390625},"rotation":{"x":-0.009307174943387509,"y":-0.021902043372392656,"z":0.0001969779550563544,"w":-0.9997386336326599},"size":278.9148864746094,"orthographic":false}