{"cameraMode":{"drawMode":0,"name":"Shaded","section":"Shading Mode"},"sceneLighting":true,"audioPlay":false,"sceneViewState":{"showFog":true,"showMaterialUpdate":false,"showSkybox":true,"showFlares":true,"showImageEffects":true,"showParticleSystems":true},"in2DMode":false,"pivot":{"x":133.6078643798828,"y":-241.78115844726563,"z":2791.533447265625},"rotation":{"x":-0.1080656498670578,"y":0.024450549855828286,"z":-0.0026586796157062055,"w":-0.993840217590332},"size":3579.89208984375,"orthographic":false}