{"cameraMode":{"drawMode":0,"name":"Shaded","section":"Shading Mode"},"sceneLighting":false,"audioPlay":false,"sceneViewState":{"showFog":true,"showMaterialUpdate":false,"showSkybox":false,"showFlares":true,"showImageEffects":true,"showParticleSystems":true},"in2DMode":false,"pivot":{"x":-0.2820250689983368,"y":0.7964358329772949,"z":-16.616924285888673},"rotation":{"x":-0.6436504125595093,"y":0.009637806564569474,"z":-0.00811123475432396,"w":-0.7652410864830017},"size":2.0757436752319338,"orthographic":false}