{"cameraMode":{"drawMode":0,"name":"Shaded","section":"Shading Mode"},"sceneLighting":true,"audioPlay":false,"sceneViewState":{"showFog":true,"showMaterialUpdate":false,"showSkybox":true,"showFlares":true,"showImageEffects":true,"showParticleSystems":true},"in2DMode":false,"pivot":{"x":0.5437102913856506,"y":-7.82342529296875,"z":-6.8995513916015629},"rotation":{"x":-0.5796629190444946,"y":-0.0007343003526329994,"z":0.0005255152354948223,"w":-0.8148639798164368},"size":121.94632720947266,"orthographic":false}