{"cameraMode":{"drawMode":0,"name":"Shaded","section":"Shading Mode"},"sceneLighting":false,"audioPlay":false,"sceneViewState":{"showFog":true,"showMaterialUpdate":false,"showSkybox":false,"showFlares":true,"showImageEffects":true,"showParticleSystems":true},"in2DMode":false,"pivot":{"x":764.3204345703125,"y":321.377685546875,"z":-9.2716064453125},"rotation":{"x":-0.009307174943387509,"y":-0.021902043372392656,"z":0.0001969779550563544,"w":-0.9997386336326599},"size":881.8350219726563,"orthographic":false}