{"cameraMode":{"drawMode":0,"name":"Shaded","section":"Shading Mode"},"sceneLighting":false,"audioPlay":false,"sceneViewState":{"showFog":true,"showMaterialUpdate":false,"showSkybox":false,"showFlares":true,"showImageEffects":true,"showParticleSystems":true},"in2DMode":false,"pivot":{"x":268.3133544921875,"y":325.2419128417969,"z":19.2037353515625},"rotation":{"x":0.017686359584331514,"y":0.021591348573565484,"z":0.0003747247683349997,"w":-0.9996328949928284},"size":720.5580444335938,"orthographic":false}