{"cameraMode":{"drawMode":0,"name":"Shaded","section":"Shading Mode"},"sceneLighting":true,"audioPlay":false,"sceneViewState":{"showFog":true,"showMaterialUpdate":false,"showSkybox":true,"showFlares":true,"showImageEffects":true,"showParticleSystems":true},"in2DMode":false,"pivot":{"x":-17.898086547851564,"y":-22.326194763183595,"z":11.499755859375},"rotation":{"x":-0.3637549877166748,"y":0.16143734753131867,"z":-0.06415296345949173,"w":-0.9152117967605591},"size":105.79054260253906,"orthographic":false}