{"cameraMode":{"drawMode":0,"name":"Shaded","section":"Shading Mode"},"sceneLighting":true,"audioPlay":false,"sceneViewState":{"showFog":true,"showMaterialUpdate":false,"showSkybox":true,"showFlares":true,"showImageEffects":true,"showParticleSystems":true},"in2DMode":false,"pivot":{"x":-20.479768753051759,"y":-15.785127639770508,"z":-18.59931182861328},"rotation":{"x":-0.42375391721725466,"y":-0.2793510854244232,"z":0.13920895755290986,"w":-0.8503541946411133},"size":34.753177642822269,"orthographic":false}