{"cameraMode":{"drawMode":0,"name":"Shaded","section":"Shading Mode"},"sceneLighting":true,"audioPlay":false,"sceneViewState":{"showFog":true,"showMaterialUpdate":false,"showSkybox":true,"showFlares":true,"showImageEffects":true,"showParticleSystems":true},"in2DMode":false,"pivot":{"x":-0.4525718688964844,"y":-10.378787994384766,"z":75.87855529785156},"rotation":{"x":-0.09825637191534043,"y":-0.1363498568534851,"z":0.01331869512796402,"w":-0.9857754111289978},"size":51.8003044128418,"orthographic":false}