{"cameraMode":{"drawMode":0,"name":"Shaded","section":"Shading Mode"},"sceneLighting":false,"audioPlay":false,"sceneViewState":{"showFog":true,"showMaterialUpdate":false,"showSkybox":false,"showFlares":true,"showImageEffects":true,"showParticleSystems":true},"in2DMode":false,"pivot":{"x":409.3001403808594,"y":319.0681457519531,"z":-204.6146240234375},"rotation":{"x":-0.018307114019989969,"y":-0.012902209535241127,"z":0.0002313831791980192,"w":-0.9997714757919312},"size":487.70538330078127,"orthographic":false}