{"cameraMode":{"drawMode":0,"name":"Shaded","section":"Shading Mode"},"sceneLighting":true,"audioPlay":false,"sceneViewState":{"showFog":true,"showMaterialUpdate":false,"showSkybox":true,"showFlares":true,"showImageEffects":true,"showParticleSystems":true},"in2DMode":false,"pivot":{"x":-0.5284576416015625,"y":-43.52463912963867,"z":2.7719802856445314},"rotation":{"x":-0.512904942035675,"y":-0.08929211646318436,"z":0.053752679377794269,"w":-0.8521583676338196},"size":134.1845245361328,"orthographic":false}