{"cameraMode":{"drawMode":0,"name":"Shaded","section":"Shading Mode"},"sceneLighting":false,"audioPlay":false,"sceneViewState":{"showFog":true,"showMaterialUpdate":false,"showSkybox":false,"showFlares":true,"showImageEffects":true,"showParticleSystems":true},"in2DMode":false,"pivot":{"x":-0.2820250689983368,"y":0.7964358329772949,"z":-16.616924285888673},"rotation":{"x":-0.27349409461021426,"y":-0.5624107718467712,"z":0.20420163869857789,"w":-0.7531561255455017},"size":1.4757437705993653,"orthographic":false}