{"cameraMode":{"drawMode":0,"name":"Shaded","section":"Shading Mode"},"sceneLighting":true,"audioPlay":false,"sceneViewState":{"showFog":true,"showMaterialUpdate":false,"showSkybox":true,"showFlares":true,"showImageEffects":true,"showParticleSystems":true},"in2DMode":false,"pivot":{"x":784.2191162109375,"y":-444.5031433105469,"z":1042.882080078125},"rotation":{"x":-0.15719462931156159,"y":-0.31759655475616457,"z":0.053471487015485767,"w":-0.9335982203483582},"size":1456.1065673828125,"orthographic":false}