{"cameraMode":{"drawMode":0,"name":"Shaded","section":"Shading Mode"},"sceneLighting":true,"audioPlay":false,"sceneViewState":{"showFog":true,"showMaterialUpdate":false,"showSkybox":true,"showFlares":true,"showImageEffects":true,"showParticleSystems":true},"in2DMode":false,"pivot":{"x":-3.239771842956543,"y":-62.75614547729492,"z":15.614131927490235},"rotation":{"x":-0.48525241017341616,"y":-0.042726460844278339,"z":0.023750990629196168,"w":-0.8730200529098511},"size":144.79212951660157,"orthographic":false}