{"cameraMode":{"drawMode":0,"name":"Shaded","section":"Shading Mode"},"sceneLighting":false,"audioPlay":false,"sceneViewState":{"showFog":true,"showMaterialUpdate":false,"showSkybox":false,"showFlares":true,"showImageEffects":true,"showParticleSystems":true},"in2DMode":false,"pivot":{"x":575.0128173828125,"y":266.0492248535156,"z":0.40252685546875},"rotation":{"x":0.08059249073266983,"y":-0.015850329771637918,"z":-0.0012817834503948689,"w":-0.9966205358505249},"size":827.884765625,"orthographic":false}