{"cameraMode":{"drawMode":0,"name":"Shaded","section":"Shading Mode"},"sceneLighting":true,"audioPlay":false,"sceneViewState":{"showFog":true,"showMaterialUpdate":false,"showSkybox":true,"showFlares":true,"showImageEffects":true,"showParticleSystems":true},"in2DMode":false,"pivot":{"x":-24.32965087890625,"y":1.8217315673828126,"z":-13.347942352294922},"rotation":{"x":-0.44332149624824526,"y":-0.007532861549407244,"z":0.0037237731739878656,"w":-0.8963438868522644},"size":48.24679183959961,"orthographic":false}