{"cameraMode":{"drawMode":0,"name":"Shaded","section":"Shading Mode"},"sceneLighting":false,"audioPlay":false,"sceneViewState":{"showFog":true,"showMaterialUpdate":false,"showSkybox":false,"showFlares":true,"showImageEffects":true,"showParticleSystems":true},"in2DMode":false,"pivot":{"x":-0.3869309425354004,"y":0.9500000476837158,"z":-16.799999237060548},"rotation":{"x":-0.290312260389328,"y":-0.12812314927577973,"z":0.03925241529941559,"w":-0.9475224614143372},"size":2.8578836917877199,"orthographic":false}