{"cameraMode":{"drawMode":0,"name":"Shaded","section":"Shading Mode"},"sceneLighting":true,"audioPlay":false,"sceneViewState":{"showFog":true,"showMaterialUpdate":false,"showSkybox":true,"showFlares":true,"showImageEffects":true,"showParticleSystems":true},"in2DMode":false,"pivot":{"x":-21.0411376953125,"y":-24.34558868408203,"z":-12.553577423095704},"rotation":{"x":-0.5496188998222351,"y":-0.22899791598320008,"z":0.15967531502246858,"w":-0.7874838709831238},"size":101.99895477294922,"orthographic":false}