{"cameraMode":{"drawMode":0,"name":"Shaded","section":"Shading Mode"},"sceneLighting":true,"audioPlay":false,"sceneViewState":{"showFog":true,"showMaterialUpdate":false,"showSkybox":true,"showFlares":true,"showImageEffects":true,"showParticleSystems":true},"in2DMode":false,"pivot":{"x":10.44561767578125,"y":2.2878055572509767,"z":6.808895111083984},"rotation":{"x":-0.13425606489181519,"y":-0.3783651888370514,"z":0.055553968995809558,"w":-0.9142134785652161},"size":104.63451385498047,"orthographic":false}