{"cameraMode":{"drawMode":0,"name":"Shaded","section":"Shading Mode"},"sceneLighting":true,"audioPlay":false,"sceneViewState":{"showFog":true,"showMaterialUpdate":false,"showSkybox":true,"showFlares":true,"showImageEffects":true,"showParticleSystems":true},"in2DMode":false,"pivot":{"x":604.0586547851563,"y":174.99301147460938,"z":118.4261474609375},"rotation":{"x":0.025185540318489076,"y":-0.020400092005729677,"z":-0.0005053805653005838,"w":-0.9995288252830505},"size":1170.2098388671875,"orthographic":false}