{"cameraMode":{"drawMode":0,"name":"Shaded","section":"Shading Mode"},"sceneLighting":true,"audioPlay":false,"sceneViewState":{"showFog":true,"showMaterialUpdate":false,"showSkybox":true,"showFlares":true,"showImageEffects":true,"showParticleSystems":true},"in2DMode":false,"pivot":{"x":88.53459930419922,"y":-4.8668670654296879,"z":96.28822326660156},"rotation":{"x":-0.16725759208202363,"y":-0.05558357015252113,"z":0.009441622532904148,"w":-0.9843549132347107},"size":370.169677734375,"orthographic":false}