{"cameraMode":{"drawMode":0,"name":"Shaded","section":"Shading Mode"},"sceneLighting":true,"audioPlay":false,"sceneViewState":{"showFog":true,"showMaterialUpdate":false,"showSkybox":true,"showFlares":true,"showImageEffects":true,"showParticleSystems":true},"in2DMode":false,"pivot":{"x":569.1613159179688,"y":315.54754638671877,"z":494.755126953125},"rotation":{"x":0.005690667312592268,"y":0.009595759212970734,"z":0.000049640693760011345,"w":-0.999958872795105},"size":1136.4180908203125,"orthographic":false}