{"cameraMode":{"drawMode":0,"name":"Shaded","section":"Shading Mode"},"sceneLighting":false,"audioPlay":false,"sceneViewState":{"showFog":true,"showMaterialUpdate":false,"showSkybox":false,"showFlares":true,"showImageEffects":true,"showParticleSystems":true},"in2DMode":false,"pivot":{"x":-0.5429611206054688,"y":0.6099998950958252,"z":-29.785541534423829},"rotation":{"x":-0.4723019003868103,"y":-0.03514678776264191,"z":0.018873246386647226,"w":-0.8805713057518005},"size":19.708560943603517,"orthographic":false}