{"cameraMode":{"drawMode":0,"name":"Shaded","section":"Shading Mode"},"sceneLighting":true,"audioPlay":false,"sceneViewState":{"showFog":true,"showMaterialUpdate":false,"showSkybox":true,"showFlares":true,"showImageEffects":true,"showParticleSystems":true},"in2DMode":false,"pivot":{"x":-28.793237686157228,"y":-18.84864044189453,"z":-5.898490905761719},"rotation":{"x":-0.3735293745994568,"y":0.0019454058492556215,"z":-0.0007835743017494679,"w":-0.9276219010353088},"size":77.09410095214844,"orthographic":false}