{"cameraMode":{"drawMode":0,"name":"Shaded","section":"Shading Mode"},"sceneLighting":true,"audioPlay":false,"sceneViewState":{"showFog":true,"showMaterialUpdate":false,"showSkybox":true,"showFlares":true,"showImageEffects":true,"showParticleSystems":true},"in2DMode":false,"pivot":{"x":-37.98780059814453,"y":-0.6604938507080078,"z":-17.504240036010743},"rotation":{"x":-0.5192100405693054,"y":0.08990773558616638,"z":-0.05501558631658554,"w":-0.8481618165969849},"size":23.99399757385254,"orthographic":false}