{"cameraMode":{"drawMode":0,"name":"Shaded","section":"Shading Mode"},"sceneLighting":true,"audioPlay":false,"sceneViewState":{"showFog":true,"showMaterialUpdate":true,"showSkybox":true,"showFlares":true,"showImageEffects":true,"showParticleSystems":true},"in2DMode":false,"pivot":{"x":1.8730945587158204,"y":-90.86705017089844,"z":187.59210205078126},"rotation":{"x":-0.23792427778244019,"y":0.02534247748553753,"z":-0.006217211484909058,"w":-0.9709439873695374},"size":377.3845520019531,"orthographic":false}