{"cameraMode":{"drawMode":0,"name":"Shaded","section":"Shading Mode"},"sceneLighting":true,"audioPlay":false,"sceneViewState":{"showFog":true,"showMaterialUpdate":true,"showSkybox":true,"showFlares":true,"showImageEffects":true,"showParticleSystems":true},"in2DMode":false,"pivot":{"x":-9.46097183227539,"y":-41.90658187866211,"z":62.99986267089844},"rotation":{"x":-0.3438803255558014,"y":0.035759687423706058,"z":-0.013112448155879975,"w":-0.9382497072219849},"size":91.75528717041016,"orthographic":false}