{"cameraMode":{"drawMode":0,"name":"Shaded","section":"Shading Mode"},"sceneLighting":true,"audioPlay":false,"sceneViewState":{"showFog":true,"showMaterialUpdate":true,"showSkybox":true,"showFlares":true,"showImageEffects":true,"showParticleSystems":true},"in2DMode":false,"pivot":{"x":-3.360118865966797,"y":2.8483200073242189,"z":41.288124084472659},"rotation":{"x":-0.3028220534324646,"y":0.3286091089248657,"z":-0.11214921623468399,"w":-0.8875662088394165},"size":119.60009002685547,"orthographic":false}