{"cameraMode":{"drawMode":0,"name":"Shaded","section":"Shading Mode"},"sceneLighting":true,"audioPlay":false,"sceneViewState":{"showFog":true,"showMaterialUpdate":true,"showSkybox":true,"showFlares":true,"showImageEffects":true,"showParticleSystems":true},"in2DMode":false,"pivot":{"x":7.300000190734863,"y":0.36000001430511477,"z":10.300000190734864},"rotation":{"x":-0.6847277283668518,"y":-0.02578420378267765,"z":0.02424991875886917,"w":-0.7279530167579651},"size":126.41316986083985,"orthographic":false}