{"cameraMode":{"drawMode":0,"name":"Shaded","section":"Shading Mode"},"sceneLighting":true,"audioPlay":false,"sceneViewState":{"showFog":true,"showMaterialUpdate":false,"showSkybox":true,"showFlares":true,"showImageEffects":true,"showParticleSystems":true},"in2DMode":false,"pivot":{"x":21.05181121826172,"y":-15.224596977233887,"z":70.73284149169922},"rotation":{"x":-0.106655552983284,"y":-0.22844648361206056,"z":0.025187376886606218,"w":-0.9673725962638855},"size":129.70941162109376,"orthographic":false}