{"cameraMode":{"drawMode":0,"name":"Shaded","section":"Shading Mode"},"sceneLighting":true,"audioPlay":false,"sceneViewState":{"showFog":true,"showMaterialUpdate":false,"showSkybox":true,"showFlares":true,"showImageEffects":true,"showParticleSystems":true},"in2DMode":false,"pivot":{"x":-14.32990837097168,"y":7.362892150878906,"z":-25.010330200195314},"rotation":{"x":-0.5474476218223572,"y":0.008022559806704522,"z":-0.005261216778308153,"w":-0.8368469476699829},"size":87.94497680664063,"orthographic":false}