{"cameraMode":{"drawMode":0,"name":"Shaded","section":"Shading Mode"},"sceneLighting":true,"audioPlay":false,"sceneViewState":{"showFog":true,"showMaterialUpdate":false,"showSkybox":true,"showFlares":true,"showImageEffects":true,"showParticleSystems":true},"in2DMode":false,"pivot":{"x":-64.04042053222656,"y":11.459602355957032,"z":75.35716247558594},"rotation":{"x":-0.1847258359193802,"y":0.39053237438201907,"z":-0.0803002119064331,"w":-0.8982955813407898},"size":73.5543441772461,"orthographic":false}