{"cameraMode":{"drawMode":0,"name":"Shaded","section":"Shading Mode"},"sceneLighting":true,"audioPlay":false,"sceneViewState":{"showFog":true,"showMaterialUpdate":false,"showSkybox":true,"showFlares":true,"showImageEffects":true,"showParticleSystems":true},"in2DMode":false,"pivot":{"x":1.9102261066436768,"y":-13.940990447998047,"z":-10.443557739257813},"rotation":{"x":-0.38086169958114626,"y":-0.10315351188182831,"z":0.04278634488582611,"w":-0.917895495891571},"size":40.48260498046875,"orthographic":false}