{"cameraMode":{"drawMode":0,"name":"Shaded","section":"Shading Mode"},"sceneLighting":true,"audioPlay":false,"sceneViewState":{"showFog":true,"showMaterialUpdate":false,"showSkybox":true,"showFlares":true,"showImageEffects":true,"showParticleSystems":true},"in2DMode":false,"pivot":{"x":0.9948833584785461,"y":-48.61681365966797,"z":10.428756713867188},"rotation":{"x":0.4832116961479187,"y":-0.0007708596531301737,"z":0.000413899018894881,"w":0.8755261898040772},"size":114.9476318359375,"orthographic":false}