{"cameraMode":{"drawMode":0,"name":"Shaded","section":"Shading Mode"},"sceneLighting":true,"audioPlay":false,"sceneViewState":{"showFog":true,"showMaterialUpdate":false,"showSkybox":true,"showFlares":true,"showImageEffects":true,"showParticleSystems":true},"in2DMode":false,"pivot":{"x":6.98477029800415,"y":-2.189133644104004,"z":-48.51050567626953},"rotation":{"x":-0.3015581965446472,"y":-0.0008755057351663709,"z":0.00024603420752100646,"w":-0.953506588935852},"size":24.362770080566408,"orthographic":false}