{"cameraMode":{"drawMode":0,"name":"Shaded","section":"Shading Mode"},"sceneLighting":true,"audioPlay":false,"sceneViewState":{"showFog":true,"showMaterialUpdate":false,"showSkybox":true,"showFlares":true,"showImageEffects":true,"showParticleSystems":true},"in2DMode":false,"pivot":{"x":-16.07662010192871,"y":11.640814781188965,"z":11.750574111938477},"rotation":{"x":-0.08826468884944916,"y":-0.09785836189985275,"z":0.008711341768503189,"w":-0.9912450313568115},"size":28.760629653930665,"orthographic":false}