{"cameraMode":{"drawMode":0,"name":"Shaded","section":"Shading Mode"},"sceneLighting":true,"audioPlay":false,"sceneViewState":{"showFog":true,"showMaterialUpdate":false,"showSkybox":true,"showFlares":true,"showImageEffects":true,"showParticleSystems":true},"in2DMode":false,"pivot":{"x":-6.369257926940918,"y":0.40911102294921877,"z":4.02672004699707},"rotation":{"x":-0.47399744391441347,"y":-0.007404627278447151,"z":0.003984739072620869,"w":-0.880560040473938},"size":51.24164962768555,"orthographic":false}